www.bbc.com , news , british , uk , britian , broadcast , world , health
www.aucegypt.edu , university , egypt , cairo , american , education , engineering , science , art , music , america , us
www.youtube.com/nasa , entertainment , rocket , spaceX , space , astronaut , nasa , education
www.mohpegypt.com , health , vaccine , covid-19 , astrazenica , sinopharm , medicine , covid
www.spotify.com , music , entertainment , pop , jazz , classical , classic
www.spacex.com , rocket , science , engineering , technology , space , engine , elon musk , aerospace
www.shahid.net , entertainment , movie , show , arabic , western , classic
www.nasa.gov , rocket , science , engineering , technology , america , us , astonaut , space
www.youtube.com , entertainment , music , movie , show , video , vaccine , news
www.academics.com , education , science , academic , british , american , music , technology , engineering , university
www.helloworld.com , world , news , health , entertainment , britian , america , us , uk , british , american , globe
www.anghami.com , music , pop , jazz , arabic , western , classic , world
www.prezi.com , education , academic , show , movie , entertainment , news , science
www.watchit.com , movie , show , entertainment , arabic , egypt , cairo , art , classic , news
www.who.int , education , academic , sustainability , news , world , health , vaccine , covid , medicine , covid-19
www.google.com , search engine , google , news , video , health , images , search
www.bing.com , search engine , images , video , news , bing , search
www.coding.com , c++ , code , coding , program , education , world , technology
www.cplusplus.com , c++ , code , coding , program , technology , engineering
www.khanacademy.com , education , news , technology , science , university , engineering
www.igcse.com , education , british , britian , uk , world , science , technology , western , academic
www.egybest.com , entertainment , movie , show , arabic , western , egypt , cairo
www.coolscience.edu , education , science , technology , programming , engineering
www.udemy.com , courses , education , video , science , programming , academic
www.programming.com , c++ , coding , program , technology , academic , education
www.lifecoaching.com , life , education , world , health , art , sustainability
www.events.com , world , news , art , music , life , show , entertainment
www.onlineshop.com , shop , british , american , us , uk , america , egypt , cairo , britian
www.readonline.com , online , read , education , egypt , british , cairo , america , american , academic
www.goal.com , match , entertainment , football , soccer , video , western , arabic , news , world